,start,end,sequence,structure,shape_score,pk_bp_shape_score,rank,consensus_score,pk_bp_consensus_score
24,10880,11000,TGAATGGACGTACCATATTGGGTAGTGCTTTATTAGAAGATGAATTTACACCTTTTGATGTTGTTAGACAATGCTCAGGTGTTACTTTCCAAAGTGCAGTGAAAAGAACAATCAAGGGTA,..........((((...[[[))))...((((....))))..............((.(......((........................]]]..............))....))).....,0.5166666666666667,1.0,5.5,0.0,0.0
46,19920,20040,GTTTGTTCTATGACTGACATAGCCAAGAAACCAACTGAAACGATTTGTGCACCACTCACTGTCTTTTTTGATGGTAGAGTTGATGGTCAAGTAGACTTATTTAGAAATGCCCGTAATGGT,.((((..(((((.....))))).))))....................(....(((((((((((......)))))).)))).)..[[[[).(((]]]]..........)))(((...))).,0.7666666666666667,1.0,0.0,0.0,0.0
45,19360,19480,AATTACCATTTTTCTATTACTCTGACAGTCCATGTGAGTCTCATGGAAAACAAGTAGTGTCAGATATAGATTATGTACCACTAAAGTCTGCTACGTGTATAACACGTTGCAATTTAGGTG,...(((......(((((...(((((((..((([[[........)))...]]].....))))))).)))))....))).((((.((((.(((.((((((...)))))).))))))).)))),0.7416666666666667,1.0,2.0,0.6551724137931034,0.0
13,6560,6680,ATGTAGACAATTCTAGTCTTACTATTAAGAAACCTAATGAATTATCTAGAGTATTAGGTTTGAAAACCCTTGCTACTCATGGTTTAGCTGCTGTTAATAGTGTCCCTTGGGATACTATAG,..((...(.[[[...)[[[[))....]]]](((((((((]]].........)))))))))...(((((............))))).((....))..(((((((((....)))))))))..,0.6916666666666667,1.0,6.0,0.0,0.0
7,5280,5400,CAACTGTTATCTTGCCACTGCATTGTTAACACTCCAACAAATAGAGTTGAAGTTTAATCCACCTGCTCTACAAGATGCTTATTACAGAGCAAGGGCTGGTGAAGCTGCTAACTTTTGTGC,....((((....(((....))).[[[[))))....]]]]...(((((((.(((((....((((.(((((......(((((......)))))))))).)))))))))..))))))).....,0.7666666666666667,1.0,4.0,0.0,0.0
55,24640,24760,ACTAAAATGTCAGAGTGTGTACTTGGACAATCAAAAAGAGTTGATTTTTGTGGAAAGGGCTATCATCTTATGTCCTTCCCTCAGTCAGCACCTCATGGTGTAGTCTTCTTGCATGTGACT,.......([[[[(([[[[[...))[[[[)............(((((...(.((((.((((((......)).))))))))..))))))(((((....))))).]]]]...]]]]].]]]].,0.85,0.96875,1.0,0.0,0.0
52,23160,23280,GGTTAAAAACAAATGTGTCAATTTCAACTTCAATGGTTTAACAGGCACAGGTGTTCTTACTGAGTCTAACAAAAAGTTTCTGCCTTTCCAACAATTTGGCAGAGACATTGCTGACACTAC,.........((..(((((([.....((((.....))))....[))))))[.))......]......]..(..((.(((((((((.............))))))))).))).]........,0.7833333333333333,0.9545454545454546,0.0,0.0,0.0
12,6520,6640,ATTACAGAAGAGGTTGGCCACACAGATCTAATGGCTGCTTATGTAGACAATTCTAGTCTTACTATTAAGAAACCTAATGAATTATCTAGAGTATTAGGTTTGAAAACCCTTGCTACTCAT,.......(((.((((..(((..[[[[[[[[.)))((((....))))..(((((((((((((....)))))...)))..)))))...........]]]]]]]]..))))))).........,0.7416666666666667,0.9545454545454546,8.0,0.0,0.0
54,24440,24560,ACACGCTTGTTAAACAACTTAGCTCCAATTTTGGTGCAATTTCAAGTGTTTTAAATGATATCCTTTCACGTCTTGACAAAGTTGAGGCTGAAGTGCAAATTGATAGGTTGATCACAGGCA,..(([[[[[[....[[[[[[.((.(((....))).))..........))...............((((.((((((((...)))))))))))).(.......(((]]]]]])))]]]]]]),0.7583333333333333,0.9444444444444444,3.0,0.75,0.0
51,22880,23000,ATCTTGATTCTAAGGTTGGTGGTAATTATAATTACCTGTATAGATTGTTTAGGAAGTCTAATCTCAAACCTTTTGAGAGAGATATTTCAACTGAAATCTATCAGGCCGGTAGCACACCTT,((((((....)))))).((((.(((([[[.))))((((.(((((((......(((((((..(((((.......))))).))))..)))......)))))))))))(..]]])..))))..,0.7833333333333333,0.9375,-1.0,0.0,0.0
50,22320,22440,TTCTTCTTCAGGTTGGACAGCTGGTGCTGCAGCTTATTATGTGGGTTATCTTCAACCTAGGACTTTTCTATTAAAATATAATGAAAATGGAACCATTACAGATGCTGTAGACTGTGCACT,..............((.((((..[[))))[[[..........[[[[[....))]]]]].((..(((((..............))))).....)).((((((...)))))).]]]...]].,0.7833333333333333,0.9375,5.0,0.7058823529411765,0.0
28,11920,12040,AAATTGTGGGCTCAATGTGTCCAGTTACACAATGACATTCTCTTAGCTAAAGATACTACTGAAGCCTTTGAAAAAATGGTTTCACTACTTTCTGTTTTGCTTTCCATGCAGGGTGCTGTA,.......(((([....[[))))(.........)...]]......].....(((...((.((((((((((....))).))))))).))...))).............(((((....))))),0.7583333333333333,0.9285714285714286,-1.0,0.0,0.0
20,9320,9440,GTGGTGTAGATGCTGTAAATTTACTTACTAATATGTTTACACCACTAATTCAACCTATTGGTGCTTTGGACATATCAGCATCTATAGTAGCTGGTGGTATTGTAGCTATCGTAGTAACAT,(((((((((((...((((......))))......)))))))))))(((.....((....))[[[[)))........]]]]....(.(((((((.........))))))).).........,0.8416666666666667,0.9285714285714286,1.0,0.0,0.0
34,15920,16040,GTACCTTCCTTACCCAGATCCATCAAGAATCCTAGGGGCCGGCTGTTTTGTAGATGATATCGTAAAAACAGATGGTACACTTATGATTGAACGGTTCGTGTCTTTAGCTATAGATGCTTA,(((((..((...((((((((......).))).).)))...))(((((((...(.......)...)))))))..)))))...(((((((....))).))))(((..[[[...))).]]]..,0.7916666666666666,0.9166666666666666,3.0,0.0,0.0
21,9360,9480,ACCACTAATTCAACCTATTGGTGCTTTGGACATATCAGCATCTATAGTAGCTGGTGGTATTGTAGCTATCGTAGTAACATGCCTTGCCTACTATTTTATGAGGTTTAGAAGAGCTTTTGG,.((((((............((((((...........)))))).[[[[[[..))))((((..((.((((...)))).)).)))).....]]]]]].....(((((((....))))))).)),0.85,0.9,7.0,0.0,0.0
4,4200,4320,GCTAGCGAAAGCTTTGAGAAAAGTGCCAACAGACAATTATATAACCACTTACCCGGGTCAGGGTTTAAATGGTTACACTGTAGAGGAGGCAAAGACAGTGCTTAAAAAGTGTAAAAGTGC,(((......)))((((((.....((((.....(((......((((((.((((((......))))..)).))))))[[[)))......))))......]]]))))))..............,0.725,0.9,3.0,0.0,0.0
49,22160,22280,ATTTTAAAATATATTCTAAGCACACGCCTATTAATTTAGTGCGTGATCTCCCTCAGGGTTTTTCGGCTTTAGAACCATTGGTAGATTTGCCAATAGGTATTAACATCACTAGGTTTCAAA,.................((((.((((((((......))).)))))......(...)[[[[[[...)))).]]]]]]((((((......))))))..........................,0.6833333333333333,0.9,6.0,0.0,0.0
2,3320,3440,TTGTTCAGACTATTGAAGTGAATAGTTTTAGTGGTTATTTAAAACTTACTGACAATGTATACATTAAAAATGCAGACATTGTGGAAGAAGCTAAAAAGGTAAAACCAACAGTGGTTGTTA,......((((((((......)))))))).(((((((......)))).))).(((((((...(((.....)))[[[)))))))((....................))........]]]...,0.6666666666666666,0.9,4.0,0.0,0.0
44,19240,19360,TTGACACTAGAGTGCTATCTAACCTTAACTTGCCTGGTTGTGATGGTGGCAGTTTGTATGTAAATAAACATGCATTCCACACACCAGCTTTTGATAAAAGTGCTTTTGTTAATTTAAAAC,.(((((.(((([[[[[.))))..........(.(((((.(((.(((..((((((((........))))).)))...))))))))))))..........]]]]]...))))).........,0.6916666666666667,0.8888888888888888,5.0,0.0,0.0
17,8280,8400,CTATATGCTCACCTATAACAAAGTTGAAAACATGACACCCCGTGACCTTGGTGCTTGTATTGACTGTAGTGCGCGTCATATTAATGCGCAGGTAGCAAAAAGTCACAACATTGCTTTGAT,.....((((.(((.....[[[[[[.................[[[[[.......................(((((((.......))))))))))))))....]]]]]......]]]]]]..,0.6416666666666667,0.8888888888888888,14.5,0.0,0.0
37,16560,16680,ATTGCAACATGTGACTGGACAAATGCTGGTGATTACATTTTAGCTAACACCTGTACTGAAAGACTCAAGCTTTTTGCAGCAGAAACGCTCAAAGCTACTGAGGAGACATTTAAACTGTCT,...((([[[([[[....[..)..))).(....(((........])))]]])]]].........((((((((((..(.(((......))))))))))..)))).(((((.......))))),0.8083333333333333,0.8666666666666667,-6.0,0.0,0.0
0,680,800,ATCTAAAGTCATTTGACTTAGGCGACGAGCTTGGCACTGATCCTTATGAAGATTTTCAAGAAAACTGGAACACTAAACATAGCAGTGGTGTTACCCGTGAACTCATGCGTGAGCTTAACG,.....(((((....))))).((([..[[)))...(((((....(((((.....(((((.......))))).......))))))))))..........(...((((....)))).]].)].,0.7166666666666667,0.8571428571428571,-3.0,0.5806451612903226,0.0
47,20640,20760,TTTTACCCAAAATTACAATCTAGTCAAGCGTGGCAACCGGGTGTTGCTATGCCTAATCTTTACAAAATGCAAAGAATGCTATTAGAAAAGTGTGACCTTCAAAATTATGGTGATAGTGCA,.......((.((((.............((((((((((.....))))))))))....((((...(...)[[[)))).]]].......................)))).))...........,0.525,0.8571428571428571,2.0,0.0,0.0
5,4320,4440,CTTTTACATTCTACCATCTATTATCTCTAATGAGAAGCAAGAAATTCTTGGAACTGTTTCTTGGAATTTGCGAGAAATGCTTGCACATGCAGAAGAAACACGCAAATTAATGCCTGTCTG,...((.(................((((....))))..((((....{))))......[[[[[[..}((.((((((.....)))))).))).))]]]]]]((.(((......))).))....,0.7833333333333333,0.8571428571428571,3.0,0.0,0.0
58,27560,27680,GACTTGCTTTAGCACTCAATTTGCTTTTGCTTGTCCTGACGGCGTAAAACACGTCTATCAGTTACGTGCCAGATCAGTTTCACCTAAACTGTTCATCAGACAAGAGGAAGTTCAAGAACT,(((((.((((.((((.......((....)).[[[.((((.(((((.....)))))..))))....))))..((.((((((.....)))))).)).....]]])))).)))))........,0.7916666666666666,0.8571428571428571,4.0,0.0,0.0
30,12640,12760,CTTATTGTAACAGCTTTAAGGGCCAATTCTGCTGTCAAATTACAGAATAATGAGCTTAGTCCTGTTGCACTACGACAGATGTCTTGTGCTGCCGGTACTACACAAACTGCTTGCACTGAT,..((.(((((((.............((((((...(......)))))))........[[[[..))))))).)).(((....)))..((((.(..(((]]]].....))).)..))))....,0.6666666666666666,0.8571428571428571,13.0,0.0,0.0
33,14120,14240,AGGTAGTGGAGTTCCTGTTGTAGATTCTTATTATTCATTGTTAATGCCTATATTAACCTTGACCAGGGCTTTAACTGCAGAGTCACATGTTGACACTGACTTAACAAAGCCTTACATTAA,............................(((((....[[[[))))).................(((........)))(((.((((.....)))).))).....]]]].............,0.625,0.8333333333333334,5.0,0.0,0.0
53,24080,24200,GCCTTGGTGATATTGCTGCTAGAGACCTCATTTGTGCACAAAAGTTTAACGGCCTTACTGTTTTGCCACCTTTGCTCACAGATGAAATGATTGCTCAATACACTTCTGCACTGTTAGCGG,.....((((.(((((..((.........((((((((..((((.((..((([[[......)))..]]])).))))..))))))))........)).))))))))).((((.......)))),0.7083333333333334,0.8333333333333334,1.0,0.0,0.0
42,18520,18640,TAGTGCGTATAAAGATTGTACAAATGTTAAGTGACACACTTAAAAATCTCTCTGACAGAGTCGTATTTGTCTTATGGGCACATGGCTTTGAGTTGACATCTATGAAGTATTTTGTGAAAA,..((((({{{{.........)........(((.....))).............((((((..[[[.)))))).}}}}.))))]]](((((.((.......))..)))))............,0.6333333333333333,0.8333333333333334,8.5,0.0,0.0
41,17440,17560,CTGCTCAATTACCTGCACCACGCACATTGCTAACTAAGGGCACACTAGAACCAGAATATTTCAATTCAGTGTGTAGACTTATGAAAACTATAGGTCCAGACATGTTCCTCGGAACTTGTC,.(((.......[[[)))....(((...)))......]]](((((((.(((..............)))))))))).((((((((.....))))))))..((((.((((....)))).)))),0.7833333333333333,0.8333333333333334,1.0,0.0,0.0
56,25520,25640,CGGATGGCTTATTGTTGGCGTTGCACTTCTTGCTGTTTTTCAGAGCGCTTCCAAAATCATAACCCTCAAAAAGAGATGGCAACTAGCACTCTCCAAGGGTGTTCACTTTGTTTGCAACTT,...((((.((.(((..(((((([[[..................))))))..))))))))).(((((......((((..((.....))..))))..)))))............]]].....,0.7583333333333333,0.8333333333333334,12.0,0.0,0.0
31,12800,12920,GGTTTGTACTTGCACTGTTATCCGATTTACAGGATTTGAAATGGGCTAGATTCCCTAAGAGTGATGGAACTGGTACTATCTATACAGAACTGGAACCACCTTGTAGGTTTGTTACAGACA,.(((((((((([[[.....((((........)))).......(((((((.((((...........))))))))).)).((((........))))..........)))..]]]))))))).,0.725,0.8333333333333334,1.0,0.0,0.0
3,3680,3800,ATCAGCACGAAGTTCTACTTGCACCATTATTATCAGCTGGTATTTTTGGTGCTGACCCTATACATTCTTTAAGAGTTTGTGTAGATACTGTTCGCACAAATGTCTACTTAGCTGTCTTTG,..((((...((((.......((((((....((((....))))....)))))).....(((((((..((....[))[[)))))))(......)......]]...].)))).))))......,0.7583333333333333,0.8333333333333334,1.0,0.0,0.0
10,6040,6160,GATAATTTTAAGTTTGTATGTGATAATATCAAATTTGCTGATGATTTAAACCAGTTAACTGGTTATAAGAAACCTGCTTCAAGAGAGCTTAAAGTTACATTTTTCCCTGACTTAAATGGT,..........((((((...[[[.......))))))]]]..........((((((....)))))).......(((.((((.....))))...((((((..........))))))....))),0.7416666666666667,0.8333333333333334,5.0,0.0,0.0
57,25880,26000,AACTTCTTCAATTGTCATTACTTCAGGTGATGGCACAACAAGTCCTATTTCTGAACATGACTACCAGATTGGTGGTTATACTGAAAAATGGGAATCTGGAGTAAAAGACTGTGTTGTATT,.............(((((((([[[[[))))))..........(((((((((.....(((((((((.....)))))))))...))))..)))))..]]]]].......))...........,0.75,0.8181818181818182,5.0,0.0,0.0
19,8960,9080,CATCAAAACTTATAGAGTACACTGACTTTGCAACATCAGCTTGTGTTTTGGCTGCTGAATGTACAATTTTTAAAGATGCTTCTGGTAAGCCAGTACCATATTGTTATGATACCAATGTAC,........((((....[[[[[.[[........((((((((..((......)).))))).))).......................))))...(((.((((....)))).)))]].]]]]],0.7833333333333333,0.8181818181818182,7.0,0.0,0.0
9,6000,6120,TGATCTTGTACCAAACCAACCATATCCAAACGCAAGCTTCGATAATTTTAAGTTTGTATGTGATAATATCAAATTTGCTGATGATTTAAACCAGTTAACTGGTTATAAGAAACCTGCTTC,.(((([[[[...(.............((...((((((((.((....)).))))))))...))...........[[)[[[[..))))....(]]]].]]...)..]]]](((......))),0.7083333333333334,0.8125,1.0,0.0,0.0
48,21240,21360,ACTAATGTGAATGCGTCATCATCTGAAGCATTTTTAATTGGATGTAATTATCTTGGCAAACCACGCGAACAAATAGATGGTTATGTCATGCATGCAAATTACATATTTTGGAGGAATACA,........((((((.(((.....))).)))))).....((.([[[[[[[....((((((((((..............))))).)))))....).))]]]]]]].................,0.6833333333333333,0.8,3.0,0.0,0.0
32,13680,13800,CAACATGAAGAAACAATTTATAATTTACTTAAGGATTGTCCAGCTGTTGCTAAACATGACTTCTTTAAGTTTAGAATAGACGGTGACATGGTACCACATATATCACGTCAACGTCTTACT,.(.........(..((..........[[[[[[[[[))((.((..((((....)))))))))]]]]]]]]]).((...(((((.((((.(((((.......))))).)))).)))))..)),0.7833333333333333,0.7916666666666666,3.0,0.0,0.0
6,4360,4480,GAAATTCTTGGAACTGTTTCTTGGAATTTGCGAGAAATGCTTGCACATGCAGAAGAAACACGCAAATTAATGCCTGTCTGTGTGGAAACTAAAGCCATAGTTTCAACTATACAGCGTAAA,.....(([......[[[[[[[[.))((.((((((.....)))))).))....]]]]]]]].(((].....))).((....(((.(((((((......))))))).))...))).......,0.8083333333333333,0.7857142857142857,5.0,0.0,0.0
26,11360,11480,CTGTGTATGATGATGGTGCTAGGAGAGTGTGGACACTTATGAATGTCTTGACACTCGTTTATAAAGTTTATTATGGTAATGCTTTAGATCAAGCCATTTCCATGTGGGCTCTTATAATCT,.((([[[[....)))]]]].(((.(((((((((((........)))))..)))))).)))....((((((.(((((.(((((((......)))).))).)))))))))))..........,0.8416666666666667,0.7857142857142857,1.0,0.0,0.0
36,16080,16200,TTTCATTTGTACTTACAATACATAAGAAAGCTACATGATGAGTTAACAGGACACATGTTAGACATGTATTCTGTTATGCTTACTAATGATAACACTTCAAGGTATTGGGAACCTGAGTTT,...............((((..............(((..(((((((((((((.((((((...)))))).)))))))).)))))...)))........[[..[[[))))...]]].]]....,0.725,0.7777777777777778,4.0,0.0,0.0
25,11280,11400,TAGTTTGTCTGGTTTTAAGCTAAAAGACTGTGTTATGTATGCATCAGCTGTAGTGTTACTAATCCTTATGACAGCAAGAACTGTGTATGATGATGGTGCTAGGAGAGTGTGGACACTTAT,(((((....(((((...)))))...))))).((((((((((((((.(((((...................)))))..))..))))))).)))))....(((...[[[[[))).]]]]]..,0.7666666666666667,0.75,4.0,0.0,0.0
11,6280,6400,AATACCTGGTGTATACGTTGTCTTTGGAGCACAAAACCAGTTGAAACATCAAATTCGTTTGATGTACTGAAGTCAGAGGACGCGCAGGGAATGGATAATCTTGCCTGCGAAGATCTAAAA,...............(....(((.((.....))....((((....((((((((....))))))))))))..[[[))).]]])((((((.((.(......))).))))))...........,0.75,0.75,1.0,0.0,0.0
40,16960,17080,CACAAGAGCACTATGTTAGAATTACTGGCTTATACCCAACACTCAATATCTCAGATGAGTTTTCTAGCAATGTTGCAAATTATCAAAAGGTTGGTATGCAAAAGTATTCTACACTCCAGG,..............((([[[[[.[[[((...[[[.))[[[(((((..........))))).....)))....((((......(......]]].)]]])))).]]]]]]]]..........,0.6333333333333333,0.7291666666666666,5.5,0.0,0.0
27,11520,11640,GTTTTTGGCCAGAGGTATTGTTTTTATGTGTGTTGAGTATTGCCCTATTTTCTTCATAACTGGTAATACACTTCAGTGTATAATGCTAGTTTATTGTTTCTTAGGCTATTTTTGTACTTG,......(....((((......))))....(((..(((....[[[.[[..)))..)))((((((((((((((....))))))..))))))))..........]]]]]).............,0.775,0.7272727272727273,5.5,0.6363636363636364,0.8571428571428571
43,18680,18800,CACATGCTTTTCCACTGCTTCAGACACTTATGCCTGTTGGCATCATTCTATTGGATTTGATTACGTCTATAATCCGTTTATGATTGATGTTCAACAATGGGGTTTTACAGGTAACCTACA,.....((.........(...)[......[[[)).(((((((((((.((...((((((.(((...)))...)))))).....)).)))))).)))))]]](((((].......)))))...,0.7333333333333333,0.7272727272727273,-1.0,0.0,0.0
18,8800,8920,ACTAATGACAAAGCTTGCCCATTGATTGCTGCAGTCATAACAAGAGAAGTGGGTTTTGTCGTGCCTGGTTTGCCTGGCACGATATTACGCACAACTAATGGTGACTTTTTGCATTTCTTA,.....((((..(((.............)))[[[))))(..((..((..(((.((..(((((((((.((....)).)))))))))..)).)))..))..)))........]]]........,0.8166666666666667,0.7142857142857143,1.0,0.5882352941176471,0.0
38,16680,16800,TATGGTATTGCTACTGTACGTGAAGTGCTGTCTGACAGAGAATTACATCTTTCATGGGAAGTTGGTAAACCTAGACCACCACTTAACCGAAATTATGTCTTTACTGGTTATCGTGTAACT,((((((([[[[))))))).....((((...(((.....)))....)).........(.......]]]]..................)...........))....................,0.6,0.7142857142857143,6.5,0.0,0.0
39,16920,17040,TCACATACAGTAATGCCATTAAGTGCACCTACACTAGTGCCACAAGAGCACTATGTTAGAATTACTGGCTTATACCCAACACTCAATATCTCAGATGAGTTTTCTAGCAATGTTGCAAAT,.........(....(.......(..........)((((((.......))))))..[[[[[[....[[[)......]]](((((((..........))))).]]]]]]....))..)....,0.6666666666666666,0.7083333333333334,4.5,0.0,0.0
16,7480,7600,TCATCAACTTGTATGATGTGTTACAAACGTAATAGAGCAACAAGAGTCGAATGTACAACTATTGTTAATGGTGTTAGAAGGTCCTTTTATGTCTATGCTAATGGAGGTAAAGGCTTTTGC,.(((((.......)))))((((((....)))))).(((..[.[.[...........(((....)))......)))...(((.((.(((((.(((((....))))).))))))))])])].,0.8,0.6875,-6.0,0.0,0.0
35,16000,16120,TTATGATTGAACGGTTCGTGTCTTTAGCTATAGATGCTTACCCACTTACTAAACATCCTAATCAGGAGTATGCTGATGTCTTTCATTTGTACTTACAATACATAAGAAAGCTACATGATG,(((...(((...(((..((((((........))))))..))).............((((....))))............[[[[[...........)))....)))]]]]]..........,0.75,0.6818181818181818,6.0,0.0,0.0
14,7160,7280,ACACCTATCCTTCTTTAGAAACTATACAAATTACCATTTCATCTTTTAAATGGGATTTAACTGCTTTTGGCTTAGTTGCAGAGTGGTTTTTGGCATATATTCTTTTCACTAGGTTTTTCT,..(((((........(...((((....(((((.((((((........)))))))))))................[[[[[.....))))...)]]]............]])))))......,0.7416666666666667,0.65,3.5,0.4857142857142857,0.9090909090909091
22,9600,9720,GACATTTTATCTTACTAATGATGTTTCTTTTTTAGCACATATTCAGTGGATGGTTATGTTCACACCTTTAGTACCTTTCTGGATAACAATTGCTTATATCATTTGTATTTCCACAAAGCA,............((((((................[(((.[[....)))....[..............))))))]((((.((((]]((((.((]......)).))))...)))).))))..,0.625,0.6481481481481481,6.0,0.0,0.0
29,12080,12200,CAACCTTACAAGCTATAGCCTCAGAGTTTAGTTCCCTTCCATCATATGCAGCTTTTGCTACTGCTCAAGAAGCTTATGAGCAGGCTGTTGCTAATGGTGATTCTGAAGTTGTTCTTAAAA,..........((((([(((...[[[)))))))...((((((((((..(((((....((..(((((((.........))))))))).)))))..))))))..]]]))))..]...).....,0.7666666666666667,0.6333333333333333,3.0,0.0,0.0
60,28920,29040,TGCTGCTCTTGCTTTGCTGCTGCTTGACAGATTGAACCAGCTTGAGAGCAAAATGTCTGGTAAAGGCCAACAACAACAAGGCCAAACTGTCACTAAGAAATCTGCTGCTGAGGCTTCTAA,.....((((...............[[[[[[.....[[[[[[[[[))))]]]...].]]]]]...((((...........))))...]]]]]]............................,0.6,0.631578947368421,11.0,0.0,0.0
61,29640,29760,ACAAGTAGATGTAGTTAACTTTAATCTCACATAGCAATCTTTAATCAGTGTGTAACATTAGGGAGGACTTGAAAGAGCCACCACATTTTCACCGAGGCCACGCGGAGTACGATCGAGTGT,......((((((.((............(((........[[[[[[[..[[)))..]]]]]]]]].((.(((....))))))).)))))).((((((.................))).))).,0.7166666666666667,0.5833333333333334,7.5,0.0,0.0
23,9720,9840,TTTCTATTGGTTCTTTAGTAATTACCTAAAGAGACGTGTAGTCTTTAATGGTGTTTCCTTTAGTACTTTTGAAGAAGCTGCGCTGTGCACCTTTTTGTTAAATAAAGAAATGTATCTAAA,......((((....(((.....[[[[)))((((((.....))))))...]]]]...............................(((((.....................))))))))).,0.6916666666666667,0.5714285714285714,2.0,0.0,0.0
62,29720,29840,CCACATTTTCACCGAGGCCACGCGGAGTACGATCGAGTGTACAGTGAACAATGCTAGGGAGAGCTGCCTATATGGAAGAGCCCTAATGTGTAAAATTAATTTTAGTAGTGCTATCCCCAT,...(((((((((....((.((.(((.......))).))))...))))).))))...((([..[(([((.....)).))..))).......(((((....))))).]..]....]......,0.7166666666666667,0.5625,-4.0,0.0,0.0
8,5400,5520,ACTTATCTTAGCCTACTGTAATAAGACAGTAGGTGAGTTAGGTGATGTTAGAGAAACAATGAGTTACTTGTTTCAACATGCCAATTTAGATTCTTGCAAAAGAGTCTTGAACGTGGTGTG,(((((.((((.((((((((......)))))))))))).)))))..((((.[[[.)))).((((...]]]..)))).(((((((.(((((((((((....)))))))).)))..))))))),0.7833333333333333,0.5454545454545454,8.0,1.0,1.0
15,7360,7480,TGGTTAATAATTAATCTTGTACAAATGGCCCCGATTTCAGCTATGGTTAGAATGTACATCTTCTTTGCATCATTTTATTATGTATGGAAAAGTTATGTGCATGTTGTAGACGGTTGTAAT,.(((((.....))))).........((((([[[....[[[[...)))))..((((((((....(((.((((((......))).))).)))....))))))))]]]]....]]].......,0.6166666666666667,0.5416666666666666,6.0,0.0,0.0
1,1240,1360,TGTGGTGAAACTTCATGGCAGACGGGCGATTTTGTTAAAGCCACTTGCGAATTTTGTGGCACTGAGAATTTGACTAAAGAAGGTGCCACTACTTGTGGTTACTTACCCCAAAATGCTGTT,.((.((((....)))).)).(((((.((.(((((.............((((((((....[[[[.)))))))).........]]]]((((.....))))..........)))))))))))),0.65,0.5,9.0,0.0,0.0
59,27720,27840,ATAACACTTTGCTTCACACTCAAAAGAAAGACAGAATGATTGAACTTTCATTAATTGACTTCTATTTGTGCTTTTTAGCCTTTCTGCTATTCCTTGTTTTAATTATGCTTATTATCTTTT,..((((.((((.........)))).(((((.((.(([[[[[(((...(((.....))).)))...)).))))))).(((......)))......))))..]]]]]...............,0.6333333333333333,0.3611111111111111,10.5,0.0,0.0
