,Unnamed: 0,program,start,end,sequence,structure,shape_score,pk_bp_shape_score,rank,weighted_consensus_score,weighted_pk_bp_consensus_score
7,1542,spotrna,15040,15160,AUGUCAUCCCUACUAUAACUCAAAUGAAUCUUAAGUAUGCCAUUAGUGCAAAGAAUAGAGCUCGCACCGUAGCUGGUGUCUCUAUCUGUAGUACUAUGACCAAUAGACAGUUUCAUCAAA,.(((.....................[..............(..(((((((.((.((((((...((((((....))))))))))))))..))))))).)........)))....]......,0.5833333333333334,1.0,2.0,0.2932692307692308,0.375
422,1347,pyle,15040,15160,ATGTCATCCCTACTATAACTCAAATGAATCTTAAGTATGCCATTAGTGCAAAGAATAGAGCTCGCACCGTAGCTGGTGTCTCTATCTGTAGTACTATGACCAATAGACAGTTTCATCAAA,.((((..................[[[..............(((.(((((..(((.(((((...(((((......)))))))))))))...)))))))).......))))....]]]....,0.6166666666666667,0.8571428571428571,5.0,0.2991071428571428,0.3214285714285714
1373,764,threshknot,29600,29720,GTCTACTCTTGTGCAGAATGAATTCTCGTAACTACATAGCACAAGTAGATGTAGTTAACTTTAATCTCACATAGCAATCTTTAATCAGTGTGTAACATTAGGGAGGACTTGAAAGAGCCA,.((((..(((((((...............[[[[[[[..)))))))))))]]]]]]]............((...................)).............................,0.675,0.6111111111111112,13.5,0.3,0.3194444444444444
1386,1706,spotrna,29600,29720,GUCUACUCUUGUGCAGAAUGAAUUCUCGUAACUACAUAGCACAAGUAGAUGUAGUUAACUUUAAUCUCACAUAGCAAUCUUUAAUCAGUGUGUAACAUUAGGGAGGACUUGAAAGAGCCA,..((((..((((((.(((....)))...[[[[[[[[[.))))))))))]]]]]]]]]...............................................................,0.6333333333333333,0.6052631578947368,14.5,0.2670454545454545,0.3092105263157895
281,1541,spotrna,15000,15120,UAUGAGGAUCAAGAUGCACUUUUCGCAUAUACAAAACGUAAUGUCAUCCCUACUAUAACUCAAAUGAAUCUUAAGUAUGCCAUUAGUGCAAAGAAUAGAGCUCGCACCGUAGCUGGUGUC,...(((........[[[[[[....[[[[[[............................))).............]]]]]]....]]]]]].............(((((......))))).,0.5583333333333333,0.9,12.0,0.2875,0.3
907,1337,pyle,12280,12400,GATCAAGCTATGACCCAAATGTATAAACAGGCTAGATCTGAGGACAAGAGGGCAAAAGTTACTAGTGCTATGCAGACAATGCTTTTCACTATGCTTAGAAAGTTGGATAATGATGCACTC,((((.((((..[.[[[...(((....))))))).)))).........((]]]](........(((((....(((.....)))....))))).((((...))))..........)....)),0.7083333333333334,0.75,6.5,0.2208333333333333,0.2857142857142857
1007,341,knotty,12280,12400,GAUCAAGCUAUGACCCAAAUGUAUAAACAGGCUAGAUCUGAGGACAAGAGGGCAAAAGUUACUAGUGCUAUGCAGACAAUGCUUUUCACUAUGCUUAGAAAGUUGGAUAAUGAUGCACUC,((((.((((.[[.[[[...[[[.....[[)))).))))]]...]]]...]]]]].((((.................................))))........................,0.7166666666666667,0.7222222222222222,8.5,0.2272727272727273,0.2777777777777778
803,854,incarnato_invivo,4320,4440,CTTTTACATTCTACCATCTATTATCTCTAATGAGAAGCAAGAAATTCTTGGAACTGTTTCTTGGAATTTGCGAGAAATGCTTGCACATGCAGAAGAAACACGCAAATTAATGCCTGTCTG,...((.(................((((....))))..(((((...)))))....[[[[[[[[...((.((((((.....)))))).))).))]]]]]]]].(((......))).......,0.7833333333333333,0.7727272727272727,6.0,0.282258064516129,0.2727272727272727
458,1507,spotrna,12280,12400,GAUCAAGCUAUGACCCAAAUGUAUAAACAGGCUAGAUCUGAGGACAAGAGGGCAAAAGUUACUAGUGCUAUGCAGACAAUGCUUUUCACUAUGCUUAGAAAGUUGGAUAAUGAUGCACUC,((((((((...................[[.))))))))]]......................(((((...((((.....))))...))))).............................,0.75,0.85,6.0,0.2302631578947368,0.2624999999999999
72,750,threshknot,6560,6680,ATGTAGACAATTCTAGTCTTACTATTAAGAAACCTAATGAATTATCTAGAGTATTAGGTTTGAAAACCCTTGCTACTCATGGTTTAGCTGCTGTTAATAGTGTCCCTTGGGATACTATAG,.....(((.......)))............(((((((...........[[[[[))))))).............]]]]]..................(((((((((....)))))))))..,0.575,1.0,8.0,0.2708333333333333,0.2604166666666667
1447,837,zhang_invivo,23920,24040,CAAATTTACAAAACACCACCAATTAAAGATTTTGGTGGTTTTAATTTTTCACAAATATTACCAGATCCATCAAAACCAAGCAAGAGGTCATTTATTGAAGATCTACTTTTCAACAAAGTG,..............(((((((([[......[))))))))((((((.(((...))).))))..)).........].((....]]..)).(((((.(((((((.....)))))))..))))),0.6583333333333333,0.5769230769230769,4.0,0.2463235294117647,0.2596153846153846
256,1074,pknots,15000,15120,UAUGAGGAUCAAGAUGCACUUUUCGCAUAUACAAAACGUAAUGUCAUCCCUACUAUAACUCAAAUGAAUCUUAAGUAUGCCAUUAGUGCAAAGAAUAGAGCUCGCACCGUAGCUGGUGUC,....(((((.....[[[[[[....[[[[[(((.....)))...((((................)))))))))...]]]]]....]]]]]].............(((((......))))).,0.6083333333333333,0.90625,12.0,0.2053571428571428,0.25
51,777,zhang_invivo,5280,5400,CAACTGTTATCTTGCCACTGCATTGTTAACACTCCAACAAATAGAGTTGAAGTTTAATCCACCTGCTCTACAAGATGCTTATTACAGAGCAAGGGCTGGTGAAGCTGCTAACTTTTGTGC,....((((....(((....))).[[[[))))....]]]]...(((((((.(((((....((((.(((((......(((((......)))))))))).)))))))))..))))))).....,0.7666666666666667,1.0,4.0,0.3277027027027027,0.25
69,7,incarnato_invitro,5280,5400,CAACTGTTATCTTGCCACTGCATTGTTAACACTCCAACAAATAGAGTTGAAGTTTAATCCACCTGCTCTACAAGATGCTTATTACAGAGCAAGGGCTGGTGAAGCTGCTAACTTTTGTGC,....((((....(((....))).[[[[))))....]]]]...(((((((.(((((....((((.(((((......(((((......)))))))))).)))))))))..))))))).....,0.7666666666666667,1.0,4.0,0.3277027027027027,0.25
1029,1312,zhang_invitro,26560,26680,TAAAAAGCTCCTTGAACAATGGAACCTAGTAATAGGTTTCCTATTCCTTACATGGATTTGTCTTCTACAATTTGCCTATGCCAACAGGAATAGGTTTTTGTATATAATTAAGTTAATTTT,....................((((((((....))))))))....(..(..(..............[[[[[...[[[[[[).....)..)]]]]]]..]]]]]..................,0.725,0.7142857142857143,5.0,0.2840909090909091,0.25
693,1620,spotrna,22120,22240,AAAAAUCUUAGGGAAUUUGUGUUUAAGAAUAUUGAUGGUUAUUUUAAAAUAUAUUCUAAGCACACGCCUAUUAAUUUAGUGCGUGAUCUCCCUCAGGGUUUUUCGGCUUUAGAACCAUUG,...................(((((.(((((((..[[[[[...........))))))))))))((((((((......))).)))))............................]]]]]..,0.6333333333333333,0.7941176470588235,13.5,0.25,0.25
877,910,pknots,440,560,GCGUUUUGCCUCAACUUGAACAGCCCUAUGUGUUCAUCAAACGUUCGGAUGCUCGAACUGCACCUCAUGGUCAUGUUAUGGUUGAGCUGGUAGCAGAACUCGAAGGCAUUCAGUACGGUC,((.....))((((((.((((((........)))))).....[[[..[[[[[[[[[[.[[[[[[[.(((((.....)))))))))))..]]].]]]]...]]]]..]]]]]]...]]]...,0.7166666666666667,0.75,20.0,0.2275641025641025,0.2451923076923077
844,1235,zhang_invitro,440,560,GCGTTTTGCCTCAACTTGAACAGCCCTATGTGTTCATCAAACGTTCGGATGCTCGAACTGCACCTCATGGTCATGTTATGGTTGAGCTGGTAGCAGAACTCGAAGGCATTCAGTACGGTC,(((...)))(((((..((((((........)))))).....[[[..[[[[[[[[[[.[[[[[[[......((((...)))))))))..]]].]]]]...]]]]..]]]]]]...]]]...,0.725,0.76,19.0,0.2269736842105263,0.245
1262,763,threshknot,29560,29680,GGCTATATAAACGTTTTCGCTTTTCCGTTTACGATATATAGTCTACTCTTGTGCAGAATGAATTCTCGTAACTACATAGCACAAGTAGATGTAGTTAACTTTAATCTCACATAGCAATCT,(((((((((..(((...((......))...))).)))))))))......(((((..............[[[[[[[[[.))))).....]]]]]]]]].......................,0.7833333333333333,0.6428571428571429,12.0,0.2991071428571428,0.2410714285714285
1275,897,incarnato_invivo,23920,24040,CAAATTTACAAAACACCACCAATTAAAGATTTTGGTGGTTTTAATTTTTCACAAATATTACCAGATCCATCAAAACCAAGCAAGAGGTCATTTATTGAAGATCTACTTTTCAACAAAGTG,..........(((.(((((((([[......[)))))))))))(((((.....))))..)..............].......]].....(((((.(((((((.....))))))).)).))),0.65,0.6428571428571429,5.5,0.2298387096774193,0.2410714285714285
132,12,incarnato_invitro,6520,6640,ATTACAGAAGAGGTTGGCCACACAGATCTAATGGCTGCTTATGTAGACAATTCTAGTCTTACTATTAAGAAACCTAATGAATTATCTAGAGTATTAGGTTTGAAAACCCTTGCTACTCAT,.......(((.((((..(((..[[[[[[[[.)))((((....))))..(((((((((((((....)))))...)))..)))))...........]]]]]]]]..))))))).........,0.7416666666666667,0.9545454545454546,8.0,0.2178571428571428,0.2386363636363636
798,1423,spotrna,4320,4440,CUUUUACAUUCUACCAUCUAUUAUCUCUAAUGAGAAGCAAGAAAUUCUUGGAACUGUUUCUUGGAAUUUGCGAGAAAUGCUUGCACAUGCAGAAGAAACACGCAAAUUAAUGCCUGUCUG,.......................((((....))))...................((((((((...[[[((((((.....)))))).......))))))))....]]].............,0.7666666666666667,0.7727272727272727,8.0,0.3214285714285714,0.2386363636363636
1388,1230,pknots,29560,29680,GGCUAUAUAAACGUUUUCGCUUUUCCGUUUACGAUAUAUAGUCUACUCUUGUGCAGAAUGAAUUCUCGUAACUACAUAGCACAAGUAGAUGUAGUUAACUUUAAUCUCACAUAGCAAUCU,(((((((((((((............)))).....)))))))))....(((((((...((((....))))[[[[[[[[.)))))))...]]]]]]]]........................,0.7083333333333334,0.6,12.0,0.25,0.2333333333333333
1441,1307,zhang_invitro,23920,24040,CAAATTTACAAAACACCACCAATTAAAGATTTTGGTGGTTTTAATTTTTCACAAATATTACCAGATCCATCAAAACCAAGCAAGAGGTCATTTATTGAAGATCTACTTTTCAACAAAGTG,..(((((.......[[[[[[[[....)))))]]]]]]]]..((((.(((...))).))))..............(((........)))(((((.(((((((.....)))))))..))))),0.6416666666666667,0.5769230769230769,9.0,0.2285714285714286,0.2307692307692307
990,1485,spotrna,9880,10000,AGAUACUUAGCUCUUUAUAAUAAGUACAAGUAUUUUAGUGGAGCAAUGGAUACAACUAGCUACAGAGAAGCUGCUUGUUGUCAUCUCGCAAAGGCUCUCAAUGACUUCAGUAACUCAGGU,.(((((((.[[[[........)......))))))......]]]]....((.(((((.((((.......))))....)))))..))...................................,0.6333333333333333,0.7272727272727273,8.5,0.2159090909090909,0.2272727272727272
650,883,incarnato_invivo,18680,18800,CACATGCTTTTCCACTGCTTCAGACACTTATGCCTGTTGGCATCATTCTATTGGATTTGATTACGTCTATAATCCGTTTATGATTGATGTTCAACAATGGGGTTTTACAGGTAACCTACA,..............((([[[)))....(((....(((((((((((.((...((((((.(((...)))...)))))).....)).)))))).))))).)))((((....]]].))))....,0.7416666666666667,0.8,2.0,0.3285714285714286,0.225
166,963,pknots,5280,5400,CAACUGUUAUCUUGCCACUGCAUUGUUAACACUCCAACAAAUAGAGUUGAAGUUUAAUCCACCUGCUCUACAAGAUGCUUAUUACAGAGCAAGGGCUGGUGAAGCUGCUAACUUUUGUGC,....((((....(((....)))[[[[[))))....]]]]]..(((((((.(((((....((((.(((((......(((((......)))))))))).)))))))))..))))))).....,0.7666666666666667,0.9444444444444444,4.0,0.3190789473684211,0.2222222222222222
1596,1264,zhang_invitro,8920,9040,CCTAGAGTTTTTAGTGCAGTTGGTAACATCTGTTACACACCATCAAAACTTATAGAGTACACTGACTTTGCAACATCAGCTTGTGTTTTGGCTGCTGAATGTACAATTTTTAAAGATGCT,....(((((((..(((..([[[(((((.[[[)))))...)))).)))))))..]]]......]]].......((((((((..((......)).))))).))).(..(((....))).)..,0.725,0.5,10.5,0.2569444444444444,0.2215909090909091
1393,1523,spotrna,13480,13600,UAAGUGCAGCCCGUCUUACACCGUGCGGCACAGGCACUAGUACUGAUGUCGUAUACAGGGCUUUUGACAUCUACAAUGAUAAAGUAGCUGGUUUUGCUAAAUUCCUAAAAACUAAUUGUU,..(((((.................[[.....[[)))))....]]((((((]].............))))))(.............)..................................,0.6666666666666666,0.6,4.0,0.21875,0.2083333333333333
785,751,threshknot,6680,6800,CTAATTATGCTAAGCCTTTTCTTAACAAAGTTGTTAGTACAACTACTAACATAGTTACACGGTGTTTAAACCGTGTTTGTACTAATTATATGCCTTATTTCTTTACTTTATTGCTACAAT,................................((((([[[[....)))))......(((((((......))))))).]]]].......................................,0.5833333333333334,0.7777777777777778,5.0,0.4609375,0.2083333333333333
700,1353,pyle,18680,18800,CACATGCTTTTCCACTGCTTCAGACACTTATGCCTGTTGGCATCATTCTATTGGATTTGATTACGTCTATAATCCGTTTATGATTGATGTTCAACAATGGGGTTTTACAGGTAACCTACA,.....((.......((([[[)))........)).(((((((((((.((...((((((.............)))))).....)).)))))).)))))....((((....]]].))))....,0.775,0.7916666666666666,4.0,0.3588709677419355,0.2083333333333333
858,1655,spotrna,25160,25280,UCCAAGAACUUGGAAAGUAUGAGCAGUAUAUAAAAUGGCCAUGGUACAUUUGGCUAGGUUUUAUAGCUGGCUUGAUUGCCAUAGUAAUGGUGACAAUUAUGCUUUGCUGUAUGACCAGUU,((((((..)))))).................(((..(((((.........))))).[[[)))(((((.((((((((((((((....))...))))))))))))..)))))...]]]....,0.775,0.75,1.0,0.2013888888888889,0.2083333333333333
830,1671,spotrna,26560,26680,UAAAAAGCUCCUUGAACAAUGGAACCUAGUAAUAGGUUUCCUAUUCCUUACAUGGAUUUGUCUUCUACAAUUUGCCUAUGCCAACAGGAAUAGGUUUUUGUAUAUAAUUAAGUUAAUUUU,......................(((((((..))))))).........(.................[[[[[...[[[[[[[[[...)]]]]]]]]]..]]]]]..................,0.7583333333333333,0.7666666666666667,10.0,0.2443181818181818,0.2083333333333333
706,1331,pyle,8000,8120,ATGTTGGTGATAGTGCGGAAGTTGCAGTTAAAATGTTTGATGCTTACGTTAATACGTTTTCATCAACTTTTAACGTACCAATGGAAAAACTCAAAACACTAGTTGCAACTGCAGAAGCTG,...........(([[[.(.[[[[[[.(((((((.((.(((((...((((....))))...)))))))))))))).................)......))....]]]]]]]]].......,0.6833333333333333,0.7916666666666666,6.5,0.3041666666666667,0.2083333333333333
411,1342,pyle,14120,14240,AGGTAGTGGAGTTCCTGTTGTAGATTCTTATTATTCATTGTTAATGCCTATATTAACCTTGACCAGGGCTTTAACTGCAGAGTCACATGTTGACACTGACTTAACAAAGCCTTACATTAA,.......................................(((......................[[[[[[[[)))..(((.((((.....)))).))).......]]]]]]]].......,0.6583333333333333,0.8636363636363636,7.0,0.3263888888888889,0.2045454545454545
1071,1225,pknots,28920,29040,UGCUGCUCUUGCUUUGCUGCUGCUUGACAGAUUGAACCAGCUUGAGAGCAAAAUGUCUGGUAAAGGCCAACAACAACAAGGCCAAACUGUCACUAAGAAAUCUGCUGCUGAGGCUUCUAA,...((((((((....((....)).[[[[[[.[[..[[[[[[.))))))))....].]]]]]...((((...........))))]].]]]]]]...((((....(((.....)))))))..,0.6916666666666667,0.7045454545454546,16.5,0.2178571428571428,0.2045454545454545
1311,60,incarnato_invitro,28920,29040,TGCTGCTCTTGCTTTGCTGCTGCTTGACAGATTGAACCAGCTTGAGAGCAAAATGTCTGGTAAAGGCCAACAACAACAAGGCCAAACTGTCACTAAGAAATCTGCTGCTGAGGCTTCTAA,.....((((...............[[[[[[.....[[[[[[[[[))))]]]...].]]]]]...((((...........))))...]]]]]]............................,0.6,0.631578947368421,11.0,0.266304347826087,0.2039473684210526
64,13,incarnato_invitro,6560,6680,ATGTAGACAATTCTAGTCTTACTATTAAGAAACCTAATGAATTATCTAGAGTATTAGGTTTGAAAACCCTTGCTACTCATGGTTTAGCTGCTGTTAATAGTGTCCCTTGGGATACTATAG,..((...(.[[[...)[[[[))....]]]](((((((((]]].........)))))))))...(((((............))))).((....))..(((((((((....)))))))))..,0.6916666666666667,1.0,6.0,0.2071428571428571,0.2039473684210526
616,1435,spotrna,5240,5360,CACAAGUUAAUGGUUUAACUUCUAUUAAAUGGGCAGAUAACAACUGUUAUCUUGCCACUGCAUUGUUAACACUCCAACAAAUAGAGUUGAAGUUUAAUCCACCUGCUCUACAAGAUGCUU,.....(((........))).....(......(((((((((((..)))))))).)))...................[....)((((((]................))))))..........,0.6083333333333333,0.8125,1.0,0.2045454545454545,0.203125
