,start,end,sequence,struct
0,480,600,ACGTTCGGATGCTCGAACTGCACCTCATGGTCATGTTATGGTTGAGCTGGTAGCAGAACTCGAAGGCATTCAGTACGGTCGTAGTGGTGAGACACTTGGTGTCCTTGTCCCTCATGTGGG,...(((([[[[[.))))((((...............................)))).........]]]]]....................((((.....)))).................
1,1040,1160,TGGCAAAGAAATTTGACACCTTCAATGGGGAATGTCCAAATTTTGTATTTCCCTTAAATTCCATAATCAAGACTATTCAACCAAGGGTTGAAAAGAAAAAGCTTGATGGCTTTATGGGTA,........((((((.(((..............)))..)))))).......................(((...((.(((((((...))))))).))....[[[[))).]]]].........
2,1160,1280,GAATTCGATCTGTCTATCCAGTTGCGTCACCAAATGAATGCAACCAAATGTGCCTTTCAACTCTCATGAAGTGTGATCATTGTGGTGAAACTTCATGGCAGACGGGCGATTTTGTTAAAG,...........(((......((((((.{{{{...{{..)))))).......[[[[........(((((((((.....}}....}}}}..)))))))))..)))]]]].............
3,5240,5360,CACAAGTTAATGGTTTAACTTCTATTAAATGGGCAGATAACAACTGTTATCTTGCCACTGCATTGTTAACACTCCAACAAATAGAGTTGAAGTTTAATCCACCTGCTCTACAAGATGCTT,...(((((((....)))))))..........((((((((((....))))))).)))..................(((.....[[[[)))................]]]]...........
4,6520,6640,ATTACAGAAGAGGTTGGCCACACAGATCTAATGGCTGCTTATGTAGACAATTCTAGTCTTACTATTAAGAAACCTAATGAATTATCTAGAGTATTAGGTTTGAAAACCCTTGCTACTCAT,...............(((((...........))))).........(((.......)))............(((((((...........[[[[[))))))).............]]]]]..
5,6560,6680,ATGTAGACAATTCTAGTCTTACTATTAAGAAACCTAATGAATTATCTAGAGTATTAGGTTTGAAAACCCTTGCTACTCATGGTTTAGCTGCTGTTAATAGTGTCCCTTGGGATACTATAG,.....(((.......)))............(((((((...........[[[[[))))))).............]]]]]..................(((((((((....)))))))))..
6,6680,6800,CTAATTATGCTAAGCCTTTTCTTAACAAAGTTGTTAGTACAACTACTAACATAGTTACACGGTGTTTAAACCGTGTTTGTACTAATTATATGCCTTATTTCTTTACTTTATTGCTACAAT,................................((((([[[[....)))))......(((((((......))))))).]]]].......................................
7,8920,9040,CCTAGAGTTTTTAGTGCAGTTGGTAACATCTGTTACACACCATCAAAACTTATAGAGTACACTGACTTTGCAACATCAGCTTGTGTTTTGGCTGCTGAATGTACAATTTTTAAAGATGCT,....(((((((......((.(.[[[[[).))]]]]]........))))))).........................(((((........)))))..........................
8,9200,9320,TTGATTCTGAGTACTGTAGGCACGGCACTTGTGAAAGATCAGAAGCTGGTGTTTGTGTATCTACTAGTGGTAGATGGGTACTTAACAATGATTATTACAGATCTTTACCAGGAGTTTTCT,.........((((((.....................[[[...................((((((.....)))))).))))))..................]]].................
9,10240,10360,AATCATAATTTCTTGGTACAGGCTGGTAATGTTCAACTCAGGGTTATTGGACATTCTATGCAAAATTGTGTACTTAAGCTTAAGGTTGATACAGCCAATCCTAAGACACCTAAGTATAAG,..........((((((....(((((...(((([[[[[[...[[.......))))........................]]...]]]]]]..)))))....))))))..............
10,13000,13120,TTAGCTGCCACAGTACGTCTACAAGCTGGTAATGCAACAGAAGTGCCTGCCAATTCAACTGTATTATCTTTCTGTGCTTTTGCTGTAGATGCTGCTAAAGCTTACAAAGATTATCTAGCT,...(......(((...((((((..((...........((((.............................))))..[[[..)).)))))).)))...]]])...................
11,14160,14280,TTAATGCCTATATTAACCTTGACCAGGGCTTTAACTGCAGAGTCACATGTTGACACTGACTTAACAAAGCCTTACATTAAGTGGGATTTGTTAAAATATGACTTCACGGAAGAGAGGTTA,.........................((((........(((.((((.....)))).)))...[[[[[[[))))..............]]]]]]]......((((((.(....).)))))).
12,18080,18200,AATCACTGGGTTACATCCTACACAGGCACCTACACACCTCAGTGTTGACACTAAATTCAAAACTGAAGGTTTATGTGTTGACATACCTGGCATACCTAAGGACATGACCTATAGAAGACT,.......(((((...((((.................(.(((((.(((([[[.....)))).)))))..).....]]].....................))))...)))))..........
13,19880,20000,CTACAAAAGAGATGCTCCAGCACATATATCTACTATTGGTGTTTGTTCTATGACTGACATAGCCAAGAAACCAACTGAAACGATTTGTGCACCACTCACTGTCTTTTTTGATGGTAGAGT,.....(((((.........(((((...........(((((.((((..(((((.....))))).))))..)))))...........)))))....[[[.[[[[[))))).]]]]]..]]].
14,20000,20120,TGATGGTCAAGTAGACTTATTTAGAAATGCCCGTAATGGTGTTCTTATTACAGAAGGTAGTGTTAAAGGTTTACAACCATCTGTAGGTCCCAAACAAGCTAGTCTTAATGGAGTCACATT,...(........((((................................[[[[[[..............))))......)]]]]]]...................................
15,21240,21360,ACTAATGTGAATGCGTCATCATCTGAAGCATTTTTAATTGGATGTAATTATCTTGGCAAACCACGCGAACAAATAGATGGTTATGTCATGCATGCAAATTACATATTTTGGAGGAATACA,........((((((.(((.....))).))))))..........(((...(((..[[[..................)))...)))]]].................................
16,24400,24520,AAACTTCAAGATGTGGTCAACCAAAATGCACAAGCTTTAAACACGCTTGTTAAACAACTTAGCTCCAATTTTGGTGCAATTTCAAGTGTTTTAAATGATATCCTTTCACGTCTTGACAAA,.....(((((((((((......((((...((((((.........))))))...........[[.[[..))))]].]]............................)))))))))))....
17,25160,25280,TCCAAGAACTTGGAAAGTATGAGCAGTATATAAAATGGCCATGGTACATTTGGCTAGGTTTTATAGCTGGCTTGATTGCCATAGTAATGGTGACAATTATGCTTTGCTGTATGACCAGTT,(((((....)))))..........((..(((((((.(((((.........))))).[[)))))))[))(((.((((((((((....))))...)))))).)))...].......]]....
18,29560,29680,GGCTATATAAACGTTTTCGCTTTTCCGTTTACGATATATAGTCTACTCTTGTGCAGAATGAATTCTCGTAACTACATAGCACAAGTAGATGTAGTTAACTTTAATCTCACATAGCAATCT,(((((((((..(((...((......))...))).)))))))))......(((((..............[[[[[[[[[.))))).....]]]]]]]]].......................
19,29600,29720,GTCTACTCTTGTGCAGAATGAATTCTCGTAACTACATAGCACAAGTAGATGTAGTTAACTTTAATCTCACATAGCAATCTTTAATCAGTGTGTAACATTAGGGAGGACTTGAAAGAGCCA,.((((..(((((((...............[[[[[[[..)))))))))))]]]]]]]............((...................)).............................
