,start,end,struct
0,5000,5120,(((((((....).)))))).(((((...)))))...((((.((((((.((((((.....)))))).)))))).))))..............((((......<))))(((((((((((...
1,5040,5160,.((((((.((((((.....)))))).)))))).))))..............((((......<))))(((((((((((...)))))))))))...>..(((((.....)))))...(((..
2,5080,5200,...........((((......<))))(((((((((((...)))))))))))...>..(((((.....)))))...(((.....((((((((.((.(((((....)))))...)))))).)
3,12040,12160,..........((((.(((((.(...((((.........)))).).)))))))))(((((.((((((((..........(((......(((((....<<<.(((((((...>>>...))))
4,12080,12200,)).).)))))))))(((((.((((((((..........(((......(((((....<<<.(((((((...>>>...)))))))...)))))...))).)))))))).)))))........
5,12120,12240,(......(((((....<<<.(((((((...>>>...)))))))...)))))...))).)))))))).)))))..........((((((....))))))....((.((((......)))).
6,15280,15400,(...)))).)))............((((..(.((((((.((((.....))))...)))))))))))((((........))))((((<<...)))).>>.(((((.(((((((((.(((..
7,15320,15440,(((.....))))...)))))))))))((((........))))((((<<...)))).>>.(((((.(((((((((.(((.....)))..)))).)))))..)))))....((((((.(.((
8,15360,15480,))((((<<...)))).>>.(((((.(((((((((.(((.....)))..)))).)))))..)))))....((((((.(.((((....)))).)))))))..............((((...(
9,24440,24560,(.(((((((............((.(((....))).)).....))))))))))))..........((((.((((((((...))))))))))))<..(.(((((((..((((((((((.(((
10,24480,24600,..))))))))))))..........((((.((((((((...))))))))))))<..(.(((((((..((((((((((.(((((((....))))))).......))))).))))).))))))
11,24520,24640,))))))))))))<..(.(((((((..((((((((((.(((((((....))))))).......))))).))))).))))))).)((>.((((.......(((....))).......)))).
12,28440,28560,..........)))..((((..((((...(((....)))...))))..))))........(((((....(((.....)))...)))))....(((((....(((((((((<....))>)))
13,28480,28600,.))))..))))........(((((....(((.....)))...)))))....(((((....(((((((((<....))>)))))))..)))))...........((((((((.((.(((((.
14,28520,28640,..)))))....(((((....(((((((((<....))>)))))))..)))))...........((((((((.((.(((((....))))).)).)).))))))((((...)))))))))))(
