,start,end,sequence,fold_structure,threshknot_structure
0,1,120,ATTAAAGGTTTATACCTTCCCAGGTAACAAACCAACCAACTTTCGATCTCTTGTAGATCTGTTCTCTAAACGAACTTTAAAATCTGTGTGGCTGTCACTCGGCTGCATGCTTAGTGCACT,......(((((.(((((....)))))..)))))..(((((....(((((.....))))).((((.......))))..........)).))).((.((((.(((.....))).))))))..,......(((((.(((((....)))))..)))))......(....(((((.....))))).((((.......))))..........)((((...(.[[[[)[[[)))).]]].]]]]....
1,81,200,AATCTGTGTGGCTGTCACTCGGCTGCATGCTTAGTGCACTCACGCAGTATAATTAATAACTAATTACTGTCGTTGACAGGACACGAGTAACTCGTCTATCTTCTGCAGGCTGCTTACGGT,.((((((((((.((.((((.(((.....))).)))))).)))))))).))................(((((...)))))((.(((((...)))))...))..(((.(((...))).))).,.((((((((((.((.((((.(((.....))).)))))).)))))))).))...................((...))(((((.(((((...))))).....))))).((([[[))).]]].
2,2001,2120,GACTCATTGATGCTATGATGTTCACATCTGATTTGGCTACTAACAATCTAGTTGTAATGGCCTACATTACAGGTGGTGTTGTTCAGTTGACTTCGCAGTGGCTAACTAACATCTTTGGCA,..........(((((.((((((..((.(((........((((((((((((.((((((((.....)))))))).))).)))))).)))........))))).......))))))..))))),........(((([[[((([[.)))))))...........(((((((((((.((((((((.....)))))))).))).)))))).)).......................]]....]]]..
3,4241,4360,ATAACCACTTACCCGGGTCAGGGTTTAAATGGTTACACTGTAGAGGAGGCAAAGACAGTGCTTAAAAAGTGTAAAAGTGCCTTTTACATTCTACCATCTATTATCTCTAATGAGAAGCAA,.((((((.((((((......))))..)).))))))((((((.............)))))).......((((((((((...)))))))))).............((((....)))).....,.((((((.((((((......))))..)).)))))).((((([[[....[[....)))))]]......((((((((((...))))))))))......]]]....((((....)))).....
4,5841,5960,ACAAAGGTCCTATTACGGATGTTTTCTACAAAGAAAACAGTTACACAACAACCATAAAACCAGTTACTTATAAATTGGATGGTGTTGTTTGTACAGAAATTGACCCTAAGTTGGACAATT,......((((......((.((((((((....)))))))).....(((((.(((((....((((((.......))))))))))))))))................))......))))....,......((((......((.((((((((....)))))))).....(((((.(((((....((((((.......)))))))))))))))).........[[[[...))......))))]]]]
5,6161,6280,GATGTGGTGGCTATTGATTATAAACACTACACACCCTCTTTTAAGAAAGGAGCTAAATTGTTACATAAACCTATTGTTTGGCATGTTAACAATGCAACTAATAAAGCCACGTATAAACCA,..(((((((..(((.....)))..)))))))....(((((((...)))))))....((((((((((...((........)).)))).))))))...........................,..((((((([[((([[...)))..)))))))....(((((((...)))))))....((((((((((...((........)).)))).)))))).....]].....]].............
6,6761,6880,ACTAATTATATGCCTTATTTCTTTACTTTATTGCTACAATTGTGTACTTTTACTAGAAGTACAAATTCTAGAATTAAAGCATCTATGCCGACTACTATAGCAAAGAATACTGTTAAGAGT,.........................(((((...(((.((((.((((((((.....)))))))))))).)))...)))))...........(((.((.(((((........)))))))))),.........................(((((...(((.((((.((((((((.....)))))))))))).)))...)))))..................((((.......[[[))))..]]]
7,6921,7040,AGTCACCTAATTTTTCTAAACTGATAAATATTATAATTTGGTTTTTACTATTAAGTGTTTGCCTAGGTTCTTTAATCTACTCAACCGCTGCTTTAGGTGTTTTAATGTCTAATTTAGGCA,...((((((.(((..(......)..))).....(((..((((....))))))).(((.(((..((((((....))))))..))).))).....)))))).......((((.....)))).,...((((((.(((..(.[[...)[.))).....(((.]((((]]..))))))).(((.(((..((((((....))))))..))).))).....))))))......((((((...))))))
8,8001,8120,ATGTTGGTGATAGTGCGGAAGTTGCAGTTAAAATGTTTGATGCTTACGTTAATACGTTTTCATCAACTTTTAACGTACCAATGGAAAAACTCAAAACACTAGTTGCAACTGCAGAAGCTG,.....(((.....(((...((((((.(((((((.((.(((((...((((....))))...))))))))))))))....................(((....))))))))))))...))).,...........(([[[.(.[[[[[[.(((((((.((.(((((...((((....))))...)))))))))))))).................)......))....]]]]]]]]].......
9,8281,8400,CTATATGCTCACCTATAACAAAGTTGAAAACATGACACCCCGTGACCTTGGTGCTTGTATTGACTGTAGTGCGCGTCATATTAATGCGCAGGTAGCAAAAAGTCACAACATTGCTTTGAT,..................((((((........((((.((..........))((((..............(((((((.......)))))))...))))....)))).......))))))..,......(((.(((.....[[[[[[........(((((((..........)))).)))............(((((((.......)))))))))))))................]]]]]]..
10,8441,8560,CGAAAACAAATACGTAGTGCTGCTAAAAAGAATAACTTACCTTTTAAGTTGACATGTGCAACTACTAGACAAGTTGTTAATGTTGTAACAACAAAGATAGCACTTAAGGGTGGTAAAATT,.............(((((((............(((((((.....)))))))......))).)))).......(((((((......))))))).....((.((((....)))).)).....,.............((((................((((((.....)))))).[[[.......)))).......(((((((.]]]..))))))).....((.((((....)))).)).....
11,9721,9840,TTTCTATTGGTTCTTTAGTAATTACCTAAAGAGACGTGTAGTCTTTAATGGTGTTTCCTTTAGTACTTTTGAAGAAGCTGCGCTGTGCACCTTTTTGTTAAATAAAGAAATGTATCTAAA,..((....)).(((((((.......)))))))(((.....)))((((..(((((((.(((((.........((((((.(((.....))).))))))......)))))))))..))))))),............(((((......[[[)))))((((.....)))).....]]].(((..((((.........((((((.(((.....))).))))))......)))).)))..........
12,10761,10880,AGTACAATTATGAACCTCTAACACAAGACCATGTTGACATACTAGGACCTCTTTCTGCTCAAACTGGAATTGCCGTTTTAGATATGTGTGCTTCATTAAAAGAATTACTGCAAAATGGTA,...........................(((((.(((.(((((((((((....((((.........)))).....))))))).)))).....(((.......)))......))).))))).,.((.(......).)).(((......)))...(.....(((((((((((....((((.........)))).[[[[))))))).)))).....(((.......)))..........).]]]]
13,12241,12360,CCGTGATGCAGCCATGCAACGTAAGTTGGAAAAGATGGCTGATCAAGCTATGACCCAAATGTATAAACAGGCTAGATCTGAGGACAAGAGGGCAAAAGTTACTAGTGCTATGCAGACAAT,...((((.(((((((.((((....))))......)))))))))))..(((...((....(((....))))).))).((((((.((.((..(((....))).)).)).))...))))....,...((((.(((((((.((((....))))......)))))))))))..(((.[.[[[...[[[.....[[[[.))).]]]](..]]]((.]]]]........)).....)...........
14,12281,12400,GATCAAGCTATGACCCAAATGTATAAACAGGCTAGATCTGAGGACAAGAGGGCAAAAGTTACTAGTGCTATGCAGACAATGCTTTTCACTATGCTTAGAAAGTTGGATAATGATGCACTC,((((.((((..........(((....))))))).)))).........(((.(((........(((((....(((.....)))....))))).((((...))))..........))).))),((((.((((..[.[[[...(((....))))))).)))).........((]]]](........(((((....(((.....)))....))))).((((...))))..........)....))
15,12521,12640,GGTACAACATTTACTTATGCATCAGCATTGTGGGAAATCCAACAGGTTGTAGATGCAGATAGTAAAATTGTTCAACTTAGTGAAATTAGTATGGACAATTCACCTAATTTAGCATGGCCT,(((.((.....(((...((((((.(((((((.((....)).))))..))).))))))....))).((((((((((((..........))).)))))))))..............))))).,(((...((...[[[....[[[[[...[((((.((....)).))))))]...]]]]]((((.]]].((((((((((((..........))).)))))))))......))))......))).
16,13201,13320,GGAAGCCAATATGGATCAAGAATCCTTTGGTGGTGCATCGTGTTGTCTGTACTGCCGTTGCCACATAGATCATCCAAATCCTAAAGGATTTTGTGACTTAAAAGGTAAGTATGTACAAAT,....(((((...((((.....)))).))))).(((((.((.((.((....)).)))).))).))........(((((((((....)))))).).))........................,....(((((...((((.....)))).)))))([[[[[........[[[[...)....(((((...]]]](((..(((((((....)))))).)))).......)))))...]]]]]....
17,13401,13520,ATGGCTGTAGTTGTGATCAACTCCGCGAACCCATGCTTCAGTCAGCTGATGCACAATCGTTTTTAAACGGGTTTGCGGTGTAAGTGCAGCCCGTCTTACACCGTGCGGCACAGGCACTAG,..(((((((.(........((.((((((((((.(((.((((....)))).)))...............)))))))))).)).).))))))).((((....((....))...)))).....,..(((((((...(....).{{)((((((((((.(((.((((....)))).)))(....).........))))))))))[}}[[[.))))))...]]]..]....((.......)).....
18,13641,13760,TTCTTACTTTGTAGTTAAGAGACACACTTTCTCTAACTACCAACATGAAGAAACAATTTATAATTTACTTAAGGATTGTCCAGCTGTTGCTAAACATGACTTCTTTAAGTTTAGAATAGA,...(((..(((((((((.((((.......)))))))))).)))..)))..................(((((((((..(((.(((....)))......))).)))))))))..........,((((((..(((((((((.((((.......)))))))))).)))..))).)))..............(((((((((..(((.((([[[[))).]]]].))).)))))))))..........
19,14121,14240,AGGTAGTGGAGTTCCTGTTGTAGATTCTTATTATTCATTGTTAATGCCTATATTAACCTTGACCAGGGCTTTAACTGCAGAGTCACATGTTGACACTGACTTAACAAAGCCTTACATTAA,........(((((.........))))).(((((........)))))..................((((((((.....(((.((((.....)))).))).......)))))))).......,.......................................(((......................[[[[[[[[)))..(((.((((.....)))).))).......]]]]]]]].......
20,14281,14400,AAACTCTTTGACCGTTATTTTAAATATTGGGATCAGACATACCACCCAAATTGTGTTAACTGTTTGGATGACAGATGCATTCTGCATTGTGCAAACTTTAATGTTTTATTCTCTACAGTG,....(((..(((.((((.....(((.(((((.............))))))))....)))).))).))).(...(((((.....)))))...)............................,....(((......[[[[((...))..[[[[[...))).......]]]]]((.....]]]].))......(..(.........)........)............................
21,14401,14520,TTCCCACCTACAAGTTTTGGACCACTAGTGAGAAAAATATTTGTTGATGGTGTTCCATTTGTAGTTTCAACTGGATACCACTTCAGAGAGCTAGGTGTTGTACATAATCAGGATGTAAAC,...................(((..(((((..............((((((((((.(((.(((......))).)))))))))..))))...)))))..))).(((((.......)))))...,(((.(..............[[[..[[[[[).)))....((...((((((((((.(((.(((......))).)))))))))..))))...]]]]]))]]].(((((.......)))))...
22,14441,14560,TTGTTGATGGTGTTCCATTTGTAGTTTCAACTGGATACCACTTCAGAGAGCTAGGTGTTGTACATAATCAGGATGTAAACTTACATAGCTCTAGACTTAGTTTTAAGGAATTACTTGTGT,...((((((((((.(((.(((......))).)))))))))..)))).((((((.(((...(((((.......)))))....))).))))))....((((....)))).............,...((((((((((.(((.(((......))).)))))))))..))))(((((((.(((((.(((((.......)))))))..))).)))))))...(((([[[[))))]]]].........
23,14921,15040,TCGTCAACAACCTAGACAAATCAGCTGGTTTTCCATTTAATAAATGGGGTAAGGCTAGACTTTATTATGATTCAATGAGTTATGAGGATCAAGATGCACTTTTCGCATATACAAAACGTA,........((((..............)))).............(((.((.(((((....(((..(((((((((...))))))))).....)))..)).))).)).)))............,.(((....................(((((((.(((((.....)))))[[.[))))))).(((..(((((((((...))))))))).....)))((((...].]])))).......)))..
24,15041,15160,ATGTCATCCCTACTATAACTCAAATGAATCTTAAGTATGCCATTAGTGCAAAGAATAGAGCTCGCACCGTAGCTGGTGTCTCTATCTGTAGTACTATGACCAATAGACAGTTTCATCAAA,.((((..............((....)).............(((.(((((..(((.(((((...(((((......)))))))))))))...)))))))).......))))...........,.((((..................[[[..............(((.(((((..(((.(((((...(((((......)))))))))))))...)))))))).......))))....]]]....
25,15681,15800,ATATTTGCGTAAACATTTCTCAATGATGATACTCTCTGACGATGCTGTTGTGTGTTTCAATAGCACTTATGCATCTCAAGGTCTAGTGGCTAGCATAAAGAACTTTAAGTCAGTTCTTTA,......((.((..(((.((.....))..........(((.(((((......(((((.....)))))....)))))))).......)))..)))).(((((((((.......))))))))),.....(((([....[[(....).........)....(((.(((((......(((((.....)))))....)))))))).((((..]]))))])))(((((((((.......)))))))))
26,16201,16320,TATGAGGCTATGTACACACCGCATACAGTCTTACAGGCTGTTGGGGCTTGTGTTCTTTGCAATTCACAGACTTCATTAAGATGTGGTGCTTGCATACGTAGACCATTCTTATGTTGTAAA,................(((((((.(((((((...)))))))(((((.(((((............))))).)))))......)))))))................................,.............((((((([((.(((((((...)))))))))[)).[)))))...............]...]..........]....................................
27,16481,16600,CATTGTGTGCTAATGGACAAGTTTTTGGTTTATATAAAAATACATGTGTTGGTAGCGATAATGTTACTGACTTTAATGCAATTGCAACATGTGACTGGACAAATGCTGGTGATTACATTT,......(((.((((..((.(((.((((((((......)))).((((((((((((((......)))))))))......((....)).)))))........)))).))).)).)))))))..,.......((.((((((([.[[[.[[[..)))).........(((((((((((((((......)))))))))......((....)).))))))........]]].]]].]...)))))...
28,18121,18240,AGTGTTGACACTAAATTCAAAACTGAAGGTTTATGTGTTGACATACCTGGCATACCTAAGGACATGACCTATAGAAGACTCATCTCTATGATGGGTTTTAAAATGAATTATCAAGTTAAT,.((((((((((........(((((...)))))..))))))))))..............(((......)))....((((((((((.....)))))))))).....................,.((((((((((....(((([[[[)))).]]]]..))))))))))..............(((......)))....((((((((((.....)))))))))).....................
29,18441,18560,CAGAGTTAGTGCTAAACCACCGCCTGGAGATCAATTTAAACACCTCATACCACTTATGTACAAAGGACTTCCTTGGAATGTAGTGCGTATAAAGATTGTACAAATGTTAAGTGACACACT,(((.((..(((......))).)))))(((..............))).(((((((......(.((((....)))))......)))).)))..((.(((.....))).)).((((...)))),((([((..(((.[[[[[))).)))))].......]]]]......].((((((((......(.((((....)))))......)))).)))).((.(((.....))).)).((((...))))
30,18681,18800,CACATGCTTTTCCACTGCTTCAGACACTTATGCCTGTTGGCATCATTCTATTGGATTTGATTACGTCTATAATCCGTTTATGATTGATGTTCAACAATGGGGTTTTACAGGTAACCTACA,.....((.......(((...)))........)).(((((((((((.((....(((((.............)))))......)).)))))).)))))....((((........))))....,.....((.......((([[[)))........)).(((((((((((.((...((((((.............)))))).....)).)))))).)))))....((((....]]].))))....
31,19081,19200,TGGAAGTTCTATGATGCACAGCCTTGTAGTGACAAAGCTTATAAAATAGAAGAATTATTCTATTCTTATGCCACACATTCTGACAAATTCACAGATGGTGTATGCCTATTTTGGAATTGC,...............(((.(((.((((....)))).))).....(((((((......)))))))........((((..((((.........))))..))))...((......))...))),.......((((.((.[[[.(((.((((....)))).))).....(((((((......)))))))........((((..((((.........))))..)))).......)).))))..]]]
32,19921,20040,GTTTGTTCTATGACTGACATAGCCAAGAAACCAACTGAAACGATTTGTGCACCACTCACTGTCTTTTTTGATGGTAGAGTTGATGGTCAAGTAGACTTATTTAGAAATGCCCGTAATGGT,((((.(.(((((.....)))))...).))))(((..........)))......((((((((((......)))))).)))).(((((((.....))).)))).......(((......))),((((.(((((((.....)))))..)).))))...........(((.(...(..((((((((((......)))))).)))).(((((((.....))).))))......)[[[)..)))]]]
33,20161,20280,AAAGTTGATGGTGTTGTCCAACAATTACCTGAAACTTACTTTACTCAGAGTAGAAATTTACAAGAATTTAAACCCAGGAGTCAAATGGAAATTGATTTCTTAGAATTAGCTATGGATGAA,..((((((.((((((((...))))).))).......(((((......))))).((((((....))))))......(((((((((.......))))))))).....)))))).........,.(((((...((((((((...))))).)))...)))))........................((..........((([[[[[[[[.)))...]]]]]]]]))((......)).........
34,20201,20320,TTACTCAGAGTAGAAATTTACAAGAATTTAAACCCAGGAGTCAAATGGAAATTGATTTCTTAGAATTAGCTATGGATGAATTCATTGAACGGTATAAATTAGAAGGCTATGCCTTCGAAC,..((((...((..((((((....))))))..))....))))......(.((((.(((.(.(((......))).)))).)))))..................((((((...))))))....,.((((...))))...((((....))))(((.(((.(((...(.......[[[[)[[[)))(((......)))..]]].]]]]........))).)))....((((((...))))))....
35,20361,20480,TTTACATCTACTGATTGGACTAGCTAAACGTTTTAAGGAATCACCTTTTGAATTAGAAGATTTTATTCCTATGGACAGTACAGTTAAAAACTATTTCATAACAGATGCGCAAACAGGTTC,..........(((.(((......((....((((.((((.....))))..)))).((((.......))).)................................)).....))).)))....,....(((((.[[[.((((.....))))..(((...((((((...((((.......)))).....))))))...)))..........................)))))......]]]....
36,20921,21040,GGTTGCCTACGGGTACGCTGCTTGTCGATTCAGATCTTAATGACTTTGTCTCTGATGCAGATTCAACTTTGATTGGTGATTGTGCAACTGTACATACAGCTAATAAATGGGATCTCATTA,...((((....)))).((((..(((............((((.((((((..(((.....)))..)))........))).)))).........)))..)))).....((((......)))).,...((((....)))).((((..(..............((((.((((((..(((.....)))..))).....[[[))).))))(((....))).)..)))).]]].((((......)))).
37,21041,21160,TTAGTGATATGTACGACCCTAAGACTAAAAATGTTACAAAAGAAAATGACTCTAAAGAGGGTTTTTTCACTTACATTTGTGGGTTTATACAACAAAAGCTAGCTCTTGGAGGTTCCGTGG,.......((((...((((((.(((....((((((.......(((((.((((((....)))))))))))....)))))).(((.(((........))).)))..))).)).)))).)))).,...((..[[[[((.[[[[[[.[[[[[[.((((((.......(((((.((((((....)))))))))))....)))))).........))........))]]].]]].]].]]]].]]]].
38,21201,21320,TAAGCTCATGGGACACTTCGCATGGTGGACAGCCTTTGTTACTAATGTGAATGCGTCATCATCTGAAGCATTTTTAATTGGATGTAATTATCTTGGCAAACCACGCGAACAAATAGATGG,......((((.((....)).))))((((...(((...(((((......((((((.(((.....))).))))))..........)))))......)))...))))................,......((((.((....)).))))((((...(((...((((.......((((((.(((.....))).)))))).......[[[[))))]]]]..)))...))))................
39,22681,22800,ATTTTCCACTTTTAAGTGTTATGGAGTGTCTCCTACTAAATTAAATGATCTCTGCTTTACTAATGTCTATGCAGATTCATTTGTAATTAGAGGTGATGAAGTCAGACAAATCGCTCCAGG,......((((....))))...((((((((((...(((.((((((((((..(((((...((....))....))))).)))))..)))))...........))).)))).....))))))..,......((((....))))...((((((((((((([[[.((((((((((..(((((...((....))....))))).)))))..)))))..)))......]]].)))).....))))))..
40,22921,23040,TAGATTGTTTAGGAAGTCTAATCTCAAACCTTTTGAGAGAGATATTTCAACTGAAATCTATCAGGCCGGTAGCACACCTTGTAATGGTGTTGAAGGTTTTAATTGTTACTTTCCTTTACA,((((((.....((((((((..((((((.....)))))).)))).))))......)))))).............(((((.......))))).((((((..........)))))).......,(((((([[..[((((((((..(((((((...))))))).)))).))))......))))))...(.........(((((.......))))).......)................]..]].
41,24961,25080,CAACAACACAGTTTATGATCCTTTGCAACCTGAATTAGACTCATTCAAGGAGGAGTTAGATAAATATTTTAAGAATCATACATCACCAGATGTTGATTTAGGTGACATCTCTGGCATTAA,........(((........(((................((((..........)))).................(((((.(((((....)))))))))).)))........))).......,........(((.........(((...............[[[[.......)))]]]]................((((((.(((((....)))))))))))...........))).......
42,25241,25360,ATAGTAATGGTGACAATTATGCTTTGCTGTATGACCAGTTGCTGTAGTTGTCTCAAGGGCTGTTGTTCTTGTGGATCCTGCTGCAAATTTGATGAAGACGACTCTGAGCCAGTGCTCAAA,...((((((....).))))).....((((......)))).((.((((..(((((((((((....))))))).)))).)))).))....................(((((....)))))..,..(((...........((((((...[[[))))))..]]].((.((((..(((((((((((....))))))).)))).)))).))................))).(((((....)))))..
43,27441,27560,GCTTTATCACTACCAAGAGTGTGTTAGAGGTACAACAGTACTTTTAAAAGAACCTTGCTCTTCTGGAACATACGAGGGCAATTCACCATTTCATCCTCTAGCTGATAACAAATTTGCACT,...((((((((....((((.(((.(((((((((....)))))))))...(((..((((((.((.(.......)))))))))))).......))).)))))).))))))............,((.(((((((((.........((((((((((((....))))))))))..(((..(((.......(.......)[[[[[)))))).......))]]]]]))).)))))).......))...
44,28161,28280,TGCCAGGAACCTAAATTGGGTAGTCTTGTAGTGCGTTGTTCGTTCTATGAAGACTTTTTAGAGTATCATGACGTTCGTGTTGTTTTAGATTTCATCTAAACGAACAAACTAAAATGTCTG,......(((((((((......((((((((((.(((.....))).)))).)))))).))))).)).))..((((((..((((..(((((((...)))))))..))))......))))))..,......(((((([[[..))))((((((((((.(((.....))).)))).)))))).]]]......))..((((((..((((..(((((((...)))))))..))))......))))))..
45,29001,29120,GCCAAACTGTCACTAAGAAATCTGCTGCTGAGGCTTCTAAGAAGCCTCGGCAAAAACGTACTGCCACTAAAGCATACAATGTAACACAAGCTTTCGGCAGACGTGGTCCAGAACAAACCC,.......(((..........((((.((((((((((((...))))))))))))...((((.(((((...(((((................))))).)))))))))....))))))).....,.......(((..........((((.((((((((((((...))))))))))))...((((.(((((...(((((................))))).)))))))))[[[.))))))).]]].
