,Unnamed: 0,start,end,sequence,structure,shape_score,pk_bp_shape_score,rank,consensus_score,pk_bp_consensus_score
8,440,19200,19320,AAUGUCGAUAGAUAUCCUGCUAAUUCCAUUGUUUGUAGAUUUGACACUAGAGUGCUAUCUAACCUUAACUUGCCUGGUUGUGAUGGUGGCAGUUUGUAUGUAAAUAAACAUGCAUUCCAC,.(((((....))))).((((..[[[[...[[[[.))))....]]]]...]]]](((((((((((...........))))).)))))).......(((((((......)))))))......,0.6416666666666667,1.0,8.0,0.8048780487804879,1.0
85,134,6240,6360,GCAUGUUAACAAUGCAACUAAUAAAGCCACGUAUAAACCAAAUACCUGGUGUAUACGUUGUCUUUGGAGCACAAAACCAGUUGAAACAUCAAAUUCGUUUGAUGUACUGAAGUCAGAGGA,((((.......)))).............(((((((.(((.....[[[))).)))))))((.((((((.(((((((.....((((....)))).....)))).))).)))))).)).]]].,0.6666666666666666,0.8846153846153846,7.0,0.6052631578947368,0.5416666666666666
100,169,7640,7760,GUGCUGGUAGUACAUUUAUUAGUGAUGAAGUUGCGAGAGACUUGUCACUACAGUUUAAAAGACCAAUAAAUCCUACUGACCAGUCUUCUUACAUCGUUGAUAGUGUUACAGUGAAGAAUG,..((((((((((.(((((((((((((((.(((......))))))))))))........[[[[...))))))..)))).))))))..]]]](((..........)))..............,0.675,0.875,16.0,1.0,1.0
103,258,11480,11600,CUGUUACUUCUAACUACUCAGGUGUAGUUACAACUGUCAUGUUUUUGGCCAGAGGUAUUGUUUUUAUGUGUGUUGAGUAUUGCCCUAUUUUCUUCAUAACUGGUAAUACACUUCAGUGUA,(((.[[[[[[[[[[[[[.)))..]]]]]].((((...(((((....(((.]]]]]]]..)))...))))).)))).((((((((.(((.......)))...))))))))...........,0.675,0.875,22.5,0.5588235294117647,0.5909090909090909
195,328,14440,14560,UUGUUGAUGGUGUUCCAUUUGUAGUUUCAACUGGAUACCACUUCAGAGAGCUAGGUGUUGUACAUAAUCAGGAUGUAAACUUACAUAGCUCUAGACUUAGUUUUAAGGAAUUACUUGUGU,...(((((((((((([[[..[[[[[[[[[[[[))))))))..[[..[[[[[[[.[[[...[[[[[..)))).]]]]]....]]].]]]]]]].]]...]]]]....]]]]]]]]..]]].,0.7833333333333333,0.8068181818181818,32.0,0.9347826086956522,0.9
230,230,10320,10440,UAAGGUUGAUACAGCCAAUCCUAAGACACCUAAGUAUAAGUUUGUUCGCAUUCAACCAGGACAGACUUUUUCAGUGUUAGCUUGUUACAAUGGUUCACCAUCUGGUGUUUACCAAUGUGC,...((((((....(([[[..[[[..[[[[....[...[[[[[[[[[[))..)))))).]]]]]]]]]]...].]]]]]]].]]].((((.((((.((((....))))...)))).)))).,0.7583333333333333,0.7931034482758621,18.5,0.5714285714285714,0.5714285714285714
316,289,12840,12960,AUGGGCUAGAUUCCCUAAGAGUGAUGGAACUGGUACUAUCUAUACAGAACUGGAACCACCUUGUAGGUUUGUUACAGACACACCUAAAGGUCCUAAAGUGAAGUAUUUAUACUUUAUUAA,..(((.[[[[[.))).........(((..(((((.((]]]]]...)).)))))..)))((((.(((((.((((...)))).)))))))))...((((........))))...........,0.6333333333333333,0.75,10.0,0.6829268292682927,0.875
357,278,12280,12400,GAUCAAGCUAUGACCCAAAUGUAUAAACAGGCUAGAUCUGAGGACAAGAGGGCAAAAGUUACUAGUGCUAUGCAGACAAUGCUUUUCACUAUGCUUAGAAAGUUGGAUAAUGAUGCACUC,((((.((((.[[.[[[...[[[.....[[)))).))))]]...]]]...]]]]].((((.................................))))........................,0.7166666666666667,0.7222222222222222,8.5,0.7446808510638298,0.7058823529411765
412,313,13800,13920,AAAUACACAAUGGCAGACCUCGUCUAUGCUUUAAGGCAUUUUGAUGAAGGUAAUUGUGACACAUUAAAAGAAAUACUUGUCACAUACAAUUGUUGUGAUGAUGAUUAUUUCAAUAAAAAG,.....((((((.....((((((((.((((([[[[)))))...)))).)))).)))))).....]]]]..(((((((((((((((.........)))))))).)..)))))).........,0.6666666666666666,0.6956521739130435,14.5,0.7674418604651163,0.5813953488372093
507,14,640,760,AACGGUAAUAAAGGAGCUGGUGGCCAUAGUUACGGCGCCGAUCUAAAGUCAUUUGACUUAGGCGACGAGCUUGGCACUGAUCCUUAUGAAGAUUUUCAAGAAAACUGGAACACUAAACAU,..........(((((..((((.((((.((((.((.((((..[[[.(((((....))))).)))).)))))))))))))).)))))(((.((..(((((]]]....)))))..))...))),0.7083333333333334,0.6388888888888888,23.5,0.6666666666666666,0.5238095238095238
